model,n_folds_aligned,mean_demo,mean_full,mean_delta_full_minus_demo,delta_ci95_lo,delta_ci95_hi,cohen_dz,rank_biserial,ttest_p,ttest_stat,wilcoxon_p,wilcoxon_stat,ttest_p_holm,wilcoxon_p_holm
ExtraTrees,15,0.7956021737421476,0.8973882158467036,0.10178604210455594,0.09021714728563665,0.11315106152738288,4.390641440308342,1.0,9.576819363906938e-11,17.004881177482357,6.103515625e-05,0.0,6.703773554734856e-10,0.00042724609375
Logistic_L2,15,0.7761466961611344,0.8471324005254136,0.07098570436427913,0.056283383186402774,0.08659085118580907,2.243513933809368,1.0,5.167460750229663e-07,8.689092102627972,6.103515625e-05,0.0,3.1004764501377976e-06,0.00042724609375
RandomForest,15,0.8334412189204595,0.8888766723670234,0.05543545344656375,0.03884237316280742,0.07083830786723863,1.6856453833987544,0.9833333333333333,1.3375490669279616e-05,6.5284764975147915,0.0001220703125,1.0,6.687745334639808e-05,0.00048828125
GradientBoosting,15,0.8203279697501072,0.8607305503691752,0.0404025806190681,0.028154850670981238,0.05224154539459844,1.620093340774764,1.0,2.0405849203720935e-05,6.274594528122198,6.103515625e-05,0.0,8.162339681488374e-05,0.00042724609375
GaussianNB,15,,,,,,,,,,,,1.0,1.0
MLP,15,,,,,,,,,,,,1.0,1.0
SVC_RBF,15,,,,,,,,,,,,1.0,1.0
