n_models,spearman_rank,kendall_rank
7,0.8928571428571429,0.8095238095238096
